company,sector,imageUrl,pageUrl,Description,investmentStart,investmentEnd,return,averageCompanyBilling,totalUnits,contact,profile,workStyle
BILLY THE GRILL,Franquias de Alimentação,https://static.portaldofranchising.com.br/central/material-de-clientes/billy-the-grill-burger-grill/mini-site/franquia-billy-the-grill-logo-novo-2018.jpg,https://franquias.portaldofranchising.com.br/franquia-billy-the-grill-alimentacao/,Conheça a Franquia BILLY THE GRILL no Portal do Franchising. Rede de serviço de alimentação com oferta de refeições rápidas.,470.000 , 550.000,de 24 a 36 meses,R$175.000,42,(21) 99535-7498,"Alimentação
FRANQUIA BILLY THE GRILL

Conheça a Franquia BILLY THE GRILL no Portal do Franchising. Rede de serviço de alimentação com oferta de refeições rápidas.

INVESTIMENTO MÍNIMO

a partir de R$470.000

RETORNO

de 24 a 36 meses

FATURAMENTO MÉDIO/

R$175.000

TOTAL DE UNIDADES

42

CONTATO

(21) 99535-7498
Acesse o site

SELO DE EXCELÊNCIA EM FRANCHISING

Empresa chancelada nos seguintes anos:

2015 - 2016 - 2017 - 2018 - 2019 - 2022
Sobre a franquia BILLY THE GRILL

O Xerife da Praça de Alimentação

Uma história digna de heróis do velho oeste

O churrasco na pedra logo fez sucesso em 2010, quando nasceu a primeira loja Billy The Grill em São Gonçalo, segundo município mais populoso do Estado do Rio de Janeiro. Mas bem antes disso, iniciamos nossa trajetória empreendedora através de uma rede de franquias no segmento de alimentação. Esta experiência foi o alicerce para nossa história de sucesso e de superação. 

Engenheiros de formação, Luiz Felipe Costa e Luiz Sergio Costa, irmãos empreendedores, viram na franquia a oportunidade de construir a própria trajetória e desenvolver suas carreiras com sucesso. Buscaram no franchising o suporte necessário que compensaria sua pouca experiência no segmento. Infelizmente não fizeram uma escolha acertada em seu parceiro de negócio. Não houve suporte ou treinamento e, depois de longos meses sem apoio, quase viram todo o investimento da família se perder.

No entanto, herdaram do pai, Seu Sérgio, a garra e a coragem de seguir em seu propósito e decidiram criar seu próprio plano de negócio e marca. Arregaçaram as mangas, foram para a cozinha, buscaram as melhores receitas da família, conversaram com clientes da praça de alimentação, voltaram para a sala de aula e pediram muita ajuda a quem surgia. Tudo para fazer o negócio gerar resultado. O plano de crescimento desenhado em um guardanapo depois de quase 10 anos parece uma trajetória épica. 

Com um tempero único e refeições completas, o Billy The Grill é a pedida ideal para se sentir mais próximo de casa. Nossa comida é fresca e de verdade e, nossa apresentação e serviço são dignos dos heróis do faroeste. Nossos pratos são preparados diariamente por cozinheiros, com carinho e dedicação. E nosso churrasco na pedra faz a diferença no dia a dia, levando uma pitada de emoção na correria da semana. É uma experiência para nossos clientes diariamente carregar suas pedras cobertas com belos cortes de carne, fritas e outros complementos. É incrível sentir aquele cheirinho de churrasco no meio da praça de alimentação!

O Billy é para aqueles que querem se conectar com um lugar de cuidado, com sabores únicos e ao mesmo tempo familiares. Seja um amigo, um familiar ou um desconhecido: nós pensamos que todos ao nosso redor merece respeito e carinho. Acreditamos que ao ajudar, somos também ajudados e, por isso, damos sempre o nosso melhor.

Somos uma família. Fazemos parte de um time que acredita em relações verdadeiras e estamos juntos no desenvolvimento e aprendizado de cada um. Queremos que as pessoas se sintam bem quando provam da nossa comida caseira, que os sabores e temperos os levem para um lugar de afeto e memória.

Por isso, bem-vindo à Casa do Churrasco na Pedra. Bem-vindo ao Billy The Grill.

Perfil do franqueado BILLY THE GRILL

Objetivando manter os altos padrões de serviços oferecidos pela rede Billy The Grill, torna-se importante que o candidato atenda perfeitamente ao perfil básico determinado:

- Idôneo e responsável;
- Dinâmico, empreendedor, persistente e flexível;
- Capacidade de liderança;
- Facilidade no tratamento com o público;
- Capacidade de integração de equipes;
- Não ser um “homem de gabinete”;
- Estar disposto a desenvolver e aprimorar, em conjunto com a franqueadora, um sistema operacional de qualidade;
- Ter disponibilidade direta e pessoal para administrar e operar a unidade franqueada;
- Possuir suporte financeiro condizente com o nível de investimento para iniciar e sustentar a operação.
- Ter idade mínima de 21 anos.

 

Processo de seleção da Franquia BILLY THE GRILL

Conheça abaixo quais são as etapas do processo de seleção da franquia Billy The Grill:

- Cadastro pelo site ou Portal do Franchising
- Recebimento da Apresentação Comercial e Ficha de Cadastro
- Avaliação da Ficha de Cadastro
- Reunião na Matriz do Grupo Alento Franchising
- Recebimento da Circular de Oferta de Franquia (COF)
- Vivência em Loja (test-drive) e Avaliação
- Assinatura do Pré-Contrato
- Reunião de Boas Vindas
- Avaliação do Ponto Comercial e Assinatura de Contrato de Locação
- Projeto Arquitetônico e Obra Civil
- Abertura da Empresa
- Capacitação do Franqueado e 1ª Equipe
- Inauguração

História do Franchising

Investimento em franquias: Um negócio para chamar de seu

Empreender, em qualquer circunstância, não é fácil. Uma empresa é como um filho: requer planejamento, preparo e dedicação dos pais. Portanto, é preciso tomar muito cuidado na hora de abrir a sua empresa. Uma boa opção para quem pretende seguir esse caminho é o investimento em franquias: associar seu negócio a uma marca já conhecida […]

Comunicado Importante ABF

Todos os conteúdos e dados aqui informados foram fornecidos exclusivamente pelo Associado. A ABF informa que o conteúdo e a veracidade dos dados publicados nesta página são de única e exclusiva responsabilidade civil e penal do Associado, que, ao se associar, recebe uma senha pessoal e intransferível para fazer a atualização dos dados, não sofrendo nenhuma interferência da ABF.

Dados atualizados pela franquia em 28/01/2022",In loco
AÇAÍ DA BARRA,microfranquias,https://static.portaldofranchising.com.br/central/material-de-clientes/acai-da-barra/mini-site/franquia-acai-da-barra-logo.jpg,https://franquias.portaldofranchising.com.br/franquia-acai-da-barra/,"Açaí da Barra é uma rede self service de açaí. Produtos com fabricação própria, um negócio cheio de energia e sabor! Saiba mais no Portal do Franchising",16.000 , 390.000,de 16 a 24 meses,,136,(14) 3438-3151,"Alimentação
FRANQUIA AÇAÍ DA BARRA

Açaí da Barra é uma rede self service de açaí. Produtos com fabricação própria, um negócio cheio de energia e sabor! Saiba mais no Portal do Franchising

INVESTIMENTO MÍNIMO

a partir de R$90.000

RETORNO

de 16 a 24 meses

TOTAL DE UNIDADES

136

CONTATO

(14) 3438-3151
Acesse o site

SELO DE EXCELÊNCIA EM FRANCHISING

Empresa chancelada nos seguintes anos:

2022
Play
Play
Play
Play
Play
Sobre a franquia AÇAÍ DA BARRA

A ideia surgiu quando dois amigos perceberam a necessidade de um consumo diferenciado da fruta Açaí. Fruto extremamente apreciado por ambos, tiveram a inovadora ideia de oferecer ao mercado um Açaí acessível e personalizado, onde cada indivíduo pode consumir a fruta a sua maneira. Criando sabores e experiencias únicas.

Ambos com experiência no ramo de negócios, investiram na ideia, acompanhando o mercado promissor da fruta. O açaí seria servido de forma rápida, personalizada, pagando um preço justo por tudo, sem cobrança de adicionais e principalmente com foco na qualidade.

Em 21 de novembro de 2015 já estava em funcionamento em Barra Bonita a primeira loja. Com o grande sucesso do empreendimento, a empresa tornou-se franqueadora, expandindo essa ideia de sucesso, gerando novos negócios e tornando sonhos em realidade.

Modelos de negócio



Perfil do franqueado AÇAÍ DA BARRA

Conheça abaixo o perfil que a franquia Açaí da Barra procura para seus franqueados:



Processo de seleção da Franquia AÇAÍ DA BARRA

Conheça abaixo quais são as etapas do processo de seleção da franquia Açaí da Barra:



Agora que você conhece tudo sobre a franquia AÇAÍ DA BARRA, assista este depoimento
Play

Comunicado Importante ABF

Todos os conteúdos e dados aqui informados foram fornecidos exclusivamente pelo Associado. A ABF informa que o conteúdo e a veracidade dos dados publicados nesta página são de única e exclusiva responsabilidade civil e penal do Associado, que, ao se associar, recebe uma senha pessoal e intransferível para fazer a atualização dos dados, não sofrendo nenhuma interferência da ABF.

Dados atualizados pela franquia em 30/03/2022",In loco
CASA DO CONSTRUTOR,Franquias com Selo de Excelência,https://static.portaldofranchising.com.br/central/material-de-clientes/casa-do-construtor/mini-site/franquia-casa-do-construtor-logo-new.jpg,https://franquias.portaldofranchising.com.br/franquia-casa-do-construtor-construcao/,"Invista em uma Franquia CASA DO CONSTRUTOR, rede brasileira especializada na locação de equipamentos para construção civil. Acesse o Portal do Franchising.",470.000 , 700.000,de 36 a 48 meses,R$90.000,398,(19) 2111-8311,"Casa e Construção
FRANQUIA CASA DO CONSTRUTOR

Invista em uma Franquia CASA DO CONSTRUTOR, rede brasileira especializada na locação de equipamentos para construção civil. Acesse o Portal do Franchising.

INVESTIMENTO MÍNIMO

a partir de R$436.500

RETORNO

de 36 a 48 meses

FATURAMENTO MÉDIO/

R$90.000

TOTAL DE UNIDADES

398

CONTATO

(19) 2111-8311
Acesse o site

SELO DE EXCELÊNCIA EM FRANCHISING

Empresa chancelada nos seguintes anos:

2004 - 2005 - 2006 - 2007 - 2008 - 2009 - 2010 - 2011 - 2012 - 2013 - 2014 - 2015 - 2016 - 2017 - 2018 - 2019 - 2020 - 2022
Play
Play
Sobre a franquia CASA DO CONSTRUTOR

Nossa história agrega, de fato, muitos desses valores.

Escrita com ética, com responsabilidade social, contaminada pela paixão ao trabalho, devotada à sustentabilidade, à inovação, às melhores práticas de gestão, manifestada na excelência do atendimento ao cliente, no respeito humano.

História que, desde sua origem, inspirou-se na amizade entre dois universitários, os engenheiros civis Altino Cristofoletti Junior e Expedito Eloel Arena. Partiu deles a iniciativa de materializar esse projeto.

No início, em 1993, uma modesta loja de materiais de construção fundada em Rio Claro, região de Campinas, no interior paulista.

Depois, nos três anos seguintes, desenvolveu-se o roteiro para a criação da primeira franquia brasileira especializada na locação de máquinas e equipamentos de pequeno porte para a construção civil.

A Unidade Piloto da Rede surgiu em 1998, já com o registro da marca CASA DO CONSTRUTOR no INPI – Instituto Nacional de Propriedade Industrial. Naquele mesmo ano era inaugurada a primeira loja da franquia, em Americana.

Consolidada, hoje, em todas as regiões do Brasil, num contínuo movimento de expansão pelo território nacional, é uma das marcas mais laureadas dos últimos anos.

Melhor Franquia em 2010, pela Revista Pequenas Empresas & Grandes Negócios e também a Melhor do Brasil em 2012, prêmio da Associação Brasileira de Franchising (ABF), a qual a empresa é associada desde sua fundação.

Em 2011, a CASA DO CONSTRUTOR tornava-se Empreendedor do Ano, pela Consultoria Ernst & Young, passando ainda a figurar como Empreendedor Endeavor.

Todas as premiações – e são inúmeras – além de selos de certificação consecutivos obtidos têm o respaldo dos mais conceituados institutos.

Com a responsabilidade de ser referência no mercado, a Rede se permite ter ao seu lado parceiros que também advogam os mesmos princípios.

É este o perfil dos nossos franqueados, dos nossos fornecedores, todos consagrados em seus segmentos, dos nossos colaboradores, dos nossos amigos e clientes.

Negócios são negócios, mas aqui as amizades nunca ficam à parte. O sucesso de um é o sucesso do coletivo.

Perfil do franqueado CASA DO CONSTRUTOR

A QUEM SE DESTINA A FRANQUIA CASA DO CONSTRUTOR:

a) Jovens empreendedores, mas que sentem a necessidade de suporte e experiência para gerir seu próprio negócio.

b) Profissionais da construção civil (Engenheiros, Arquitetos, etc...), técnicos, mestres de obras e profissionais do ramo da construção civil que queiram ter o seu próprio negócio, mas com a experiência de quem já está no ramo.

c) Proprietários de pequenas lojas do ramo de equipamentos para construção civil, que estão querendo abrir o leque de atividades afins com ajuda de profissionais do ramo.

d) Empresários que analisam novos negócios e queiram maximizar suas taxas de sucesso com um know-how já adquirido em 27 anos de experiência no ramo de locação de equipamentos.


OUTROS REQUISITOS

a) Espírito Empreendedor: é essencial que o Franqueado possua empenho de empreendedor na condução de seu negócio, estar disposto a assumir riscos, tendo disposição para o trabalho, ter habilidade em delegar tarefas;

b) Facilidade de Comunicação: O Franqueado deverá ser comunicativo e ter facilidade em transmitir informações a sua equipe;

c) Sociabilidade: O Franqueado deve ter facilidade em trabalhar com o público, deve ter habilidade em delegar tarefas e motivar sua equipe.

d) Assumir riscos: O Franqueado deve ter consciência que mesmo nos negócios formatados há riscos.

e) Preferencialmente, morar na cidade de implantação da franquia;

f) Ter idade acima de 18 anos.

g) Capacidade de desenvolver habilidades em gestão de negócios

h) Respeito às regras da franqueadora

i) Envolvimento junto à franqueadora de modo a fomentar o crescimento da Rede
 

Processo de seleção da Franquia CASA DO CONSTRUTOR

Conheça abaixo quais são as etapas do processo de seleção da franquia Casa do Construtor:

Através de um propósito maior de servir a todos os envolvidos, a CASA DO CONSTRUTOR - Solução em Aluguel de Equipamentos, faz de seu processo de seleção um rito, onde proporciona ao candidato o estudo do negócio de maneira clara, transparente e objetiva, para que ambas as partes possam expor suas expectativas e percepções quanto ao envolvido.

Nosso objetivo inicial é definir o interesse quanto ao território para atuação e também o investimento necessário.

Em paralelo as estas definições, esclarecemos de forma clara e transparente as nuances sobre o negócio CASA DO CONSTRUTOR - Solução em Aluguel de Equipamentos (investimento, retorno, potencial de negócio).

A próxima etapa deste processo é o agendamento de uma visita a sede da franqueadora, para que possamos neste momento de grande importância, onde candidato e franqueadora tem a oportunidade de um ajuste fino de expectativas quanto ao negócio, desafios, possibilidades, potencial de faturamento, entres outras características pertinentes ao negócio.

Também a oportunidade do candidato conhecer a sede, universidade corporativa e loja n° 1 de uma rede de mais de 240 lojas em todo o Brasil, proporcionando ao mesmo tempo uma gama de informações imprescindíveis ao candidato na seu estudo quanto ao negócio e a franqueadora a oportunidade conhecer e entender o perfil do candidato, afim de reconhecer no mesmo a sinergia com os valores da CASA DO CONSTRUTOR.

Agora que você conhece tudo sobre a franquia CASA DO CONSTRUTOR, assista este depoimento
Play

Comunicado Importante ABF

Todos os conteúdos e dados aqui informados foram fornecidos exclusivamente pelo Associado. A ABF informa que o conteúdo e a veracidade dos dados publicados nesta página são de única e exclusiva responsabilidade civil e penal do Associado, que, ao se associar, recebe uma senha pessoal e intransferível para fazer a atualização dos dados, não sofrendo nenhuma interferência da ABF.

Dados atualizados pela franquia em 08/03/2022",In loco
ANJOS COLCHÕES,Franquias com Selo de Excelência,https://static.portaldofranchising.com.br/central/material-de-clientes/anjos-colchoes/mini-site/franquia-anjos-colchoes-logo.jpg,https://franquias.portaldofranchising.com.br/franquia-anjos-colchoes-moveis/,Abra uma Franquia ANJOS COLCHÕES. Faça parte deste time e divulgue a qualidade de vida com produtos confortáveis. Acesse Portal do Franchising e saiba mais,400.000 , 465.000,de 8 a 18 meses,R$150.000,171,(45) 3228-2883,"Casa e Construção
FRANQUIA ANJOS COLCHÕES

Abra uma Franquia ANJOS COLCHÕES. Faça parte deste time e divulgue a qualidade de vida com produtos confortáveis. Acesse Portal do Franchising e saiba mais

INVESTIMENTO MÍNIMO

a partir de R$400.000

RETORNO

de 8 a 18 meses

FATURAMENTO MÉDIO/

R$150.000

TOTAL DE UNIDADES

171

CONTATO

(45) 3228-2883
Acesse o site

SELO DE EXCELÊNCIA EM FRANCHISING

Empresa chancelada nos seguintes anos:

2020 - 2022
Play
Play
Sobre a franquia ANJOS COLCHÕES

Saúde e bem-estar são tendências globais para os negócios de sucesso e, é neste segmento que a Anjos Colchões e Sofás atua. Somos a única franquia no segmento de colchões e sofás da América Latina!

Com mais de 30 anos de experiência no mercado, nossas franquias são reconhecidas pela excelência única de compra e pelo modelo de loja inigualável no segmento.

Em 2007, criamos a Anjos Franchising, projeto que deu início à expansão da marca. Hoje, contamos com mais de 200 unidades vendidas por todos os estados brasileiros e também no exterior.

A Anjos Colchões e Sofás é completa e extremamente aconchegante, planejada para oferecer sensação de lar e conforto aos consumidores finais.

Além disso, possuímos excelente capacidade logística e contamos com 4 fábricas espalhadas pelo Brasil.  Ao todo, a extensão territorial do nosso parque fabril é de 100 m².

Somos a franquia perfeita para quem ama investir bem!

Perfil do franqueado ANJOS COLCHÕES

As principais características que a Anjos Colchões & Sofás espera dos futuros franqueados, é que eles sejam determinados e tenham como objetivo o crescimento, que sejam bons negociadores (a), que possuam uma boa comunicação verbal e escrita, pessoas que almejam mais qualidade de vida, mais estabilidade financeira e que queiram diversificar os seus investimentos.
 
Características Profissionais:

Conhecimento em práticas gerenciais, preferencialmente com histórico de sucesso em outros empreendimentos (próprios ou de terceiros);
Espírito empreendedor e dinâmico;
Espírito de liderança elevado e capacidade para estimular equipes a obter resultados;
Habilidade para lidar com conflitos;
Facilidade de relacionamento;
Capacidade administrativa;
Dedicação ao negócio;
Capacidade financeira.
Processo de seleção da Franquia ANJOS COLCHÕES

Após recebimento dos documentos do franqueado é feito uma avaliação através de documentos pessoais, análise de crédito e financeira, bem como psicológica.

Histórias do Franchising

Empresário fatura mais de 6 milhões com franquia de Colchões & Sofás!

Sair da zona de conforto e mudar de vida, para a maioria das pessoas, é uma decisão desafiadora, que alavanca novas descobertas e ajudam a se redescobrir limites os quais você não conhecia. Quebrar barreiras do dia a dia e alcançar o sucesso profissional não é uma tarefa fácil, principalmente após os 50 anos de […]

Isabela, franqueada Anjos Colchões & Sofás, conquista o Paraguai com várias unidades da rede

A estratégia de comunicação usada nas plataformas digitais foi determinante para assegurar a rentabilidade de muitas empresas e casos como o da franqueada Isabella Garcia André, da Anjos Colchões & Sofás, garantiram não só o fluxo de caixa como também a levou ainda mais longe da fronteira do Brasil, inaugurando no mês de julho a […]

Casal empreendedor inaugura a primeira loja da Anjos Colchões & Sofás em Cambé (PR)

Loja chega na cidade para trazer conforto, qualidade e bem-estar aos moradores Estreantes no franchising, os sócios e casal Fernando Cesar Patrocinio e Rafaela Blanco Patrocinio consolidaram suas carreiras em empresas de grande porte na cidade de Curitiba – ele no comercial, ela na área financeira. Em 2018, tiveram a oportunidade de residir na Europa, […]

Ele faliu três vezes até que decidiu apostar em uma franquia de colchões

Ex-funcionário público investiu para abrir uma loja da rede Anjos Colchões & Sofás em 2014 e até o final do ano prevê ter oito unidades  “No começo foi muito difícil, mas com muito trabalho e suporte da rede fomos crescendo e expandindo. Deu certo”. É assim que o ex-funcionário público Rubinei Campiotto, 38, traduz uma […]

Ele viu seu negócio virar pó, com ajuda do filho transformou negócio familiar em uma franquia multinacional

O empresário criou, perdeu, reinventou-se e, ainda hoje, investe em projetos que contrariam as expectativas de terceiros, mas que no fim das contas se mostram altamente lucrativos Mais do que boas histórias de vida, o que faz alguém ser bem-sucedido ou não tem muito mais a ver com a personalidade e a maneira de ver […]

De empregado a patrão: jovem viu em franquia a oportunidade de empreender

De empregado a patrão: a experiência como vendedor levou o paulista Lucas Arruda, à época com 23 anos, a investir no segmento em que atuava, instigando-o a crescer cada vez mais   Quem melhor que um vendedor bem treinado e especializado no segmento para entender o que o consumidor quer, não é mesmo? O paulista Lucas […]

Jovem encontra no franchising a oportunidade de empreender com mais segurança

Em 2015, com 22 anos, Isabela Garcia viu a oportunidade de empreender na Anjos Colchões & Sofás, levando a rede para o Paraguai e dando início ao plano de expansão internacional Eles possuem um compromisso com a felicidade, são rápidos e desejam construir um mundo melhor para si e para os outros. Os jovens de […]

Franchising atrai empreendedores mais experientes

Foi-se o tempo em que os aposentados queriam apenas ficar em casa curtindo uma vida simples. De acordo com um estudo do Sebrae, existe um conjunto de pessoas que não quer ficar de fora do mercado de trabalho por nada. Essa constatação é confirmada pela taxa de empreendedorismo entre a faixa etária de 50 a […]

Comunicado Importante ABF

Todos os conteúdos e dados aqui informados foram fornecidos exclusivamente pelo Associado. A ABF informa que o conteúdo e a veracidade dos dados publicados nesta página são de única e exclusiva responsabilidade civil e penal do Associado, que, ao se associar, recebe uma senha pessoal e intransferível para fazer a atualização dos dados, não sofrendo nenhuma interferência da ABF.

Dados atualizados pela franquia em 02/02/2022",In loco
COLCHÕES ORTOBOM,microfranquias,https://static.portaldofranchising.com.br/central/material-de-clientes/colchoes-ortobom/mini-site/franquia-colchoes-ortobom.jpg,https://franquias.portaldofranchising.com.br/franquia-colchoes-ortobom-moveis/,Invista em uma Franquia COLCHÕES ORTOBOM. Rede de comercialização de colchão e produtos para o sono. Acesse já o Portal do Franchising e saiba mais.,19.900 , 49.900,de 12 a 18 meses,R$80.000,2090,(21) 2197-1000,"Casa e Construção
FRANQUIA COLCHÕES ORTOBOM

Invista em uma Franquia COLCHÕES ORTOBOM. Rede de comercialização de colchão e produtos para o sono. Acesse já o Portal do Franchising e saiba mais.

INVESTIMENTO MÍNIMO

a partir de R$60.000

RETORNO

de 12 a 18 meses

FATURAMENTO MÉDIO/

R$80.000

TOTAL DE UNIDADES

2090

CONTATO

(21) 2197-1000
Acesse o site
Play
Sobre a franquia COLCHÕES ORTOBOM

Fundada há 50 anos em São Paulo, a Ortobom iniciou suas atividades no ramo metalurgico fabricando camas, mesas para televisão, etc. Com o passar dos anos, a empresa começou a comprar blocos de espuma para a confecção de colchões que, harmoniosamente, se casavam com essas camas, visando aumentar seu ramo de atividades.

Em 1992 a Ortobom ingressou no segmento de franchising, trabalhando com a missão de oferecer o máximo de bem-estar, conforto e saúde para os clientes. Hoje, a empresa atingiu marcas impressionantes, como a de maior fabricante de colchões da América Latina e a maior franquia de colchões do mundo, com mais de 2.400 unidades no Brasil, além de lojas no Paraguai, Uruguai e Bolívia.

Mesmo com todo esse crescimento, a Ortobom investe intensamente em programas de treinamento para suas equipes e toda a rede de franquias, pois a excelência no atendimento deve ser primorosa em todos os aspectos.

A marca está presente em todos os estados brasileiros, com mais de 2.300 unidades de franquias, além de lojas no Paraguai, Uruguai e Bolívia. Representada com 12 fábricas e seis mil pessoas envolvidas no processo de produção, comercializa mais de 200 variedades de produtos, todos submetidos a testes rigorosos que confirmam sua resistência e durabilidade.

 

Perfil do franqueado COLCHÕES ORTOBOM

Conheça abaixo o perfil que a franquia Colchões Ortobom procura para seus franqueados:

- Ser empreendedor, estar disposto a seguir as regras do sistema de franquias, ter experiência com vendas, e gostar de trabalhar com pessoas.

Processo de seleção da Franquia COLCHÕES ORTOBOM

Conheça abaixo quais são as etapas do processo de seleção da franquia Colchões Ortobom:


- Cadastro e Primeira aprovação

- Aprovação com Gerente de Franquia

- Documentação

- Escolha de ponto

- Projeto e Obras

- Inauguração  

Comunicado Importante ABF

Todos os conteúdos e dados aqui informados foram fornecidos exclusivamente pelo Associado. A ABF informa que o conteúdo e a veracidade dos dados publicados nesta página são de única e exclusiva responsabilidade civil e penal do Associado, que, ao se associar, recebe uma senha pessoal e intransferível para fazer a atualização dos dados, não sofrendo nenhuma interferência da ABF.

Dados atualizados pela franquia em 03/12/2021",In loco
CASA DO CELULAR,"Franquias de Comunicação, Informática e Eletrônicos",https://static.portaldofranchising.com.br/central/material-de-clientes/casa-do-celular/mini-site/franquia-casa-do-celular-logo.jpg,https://franquias.portaldofranchising.com.br/franquia-casa-do-celular/,Quanto custa uma franquia Casa do Celular? Uma proposta inovadora de negócio: a venda de aparelhos celular. Saiba mais e seja franqueado(a).,200.000 , 480.000,de 12 a 24 meses,,170,(85) 98418-1010,"Comunicação, Informática e Eletrônicos
FRANQUIA CASA DO CELULAR

Quanto custa uma franquia Casa do Celular? Uma proposta inovadora de negócio: a venda de aparelhos celular. Saiba mais e seja franqueado(a).

INVESTIMENTO MÍNIMO

a partir de R$200.000

RETORNO

de 12 a 24 meses

TOTAL DE UNIDADES

170

CONTATO

(85) 98418-1010
Acesse o site
Play
Sobre a franquia CASA DO CELULAR

A Casa do Celular tem uma história e proposta inovadora de negócio, desenhada com o objetivo de vender não somente produtos, mas excelência no que faz.

A Casa do Celular, em atuação no mercado desde o ano de 1999, foi idealizada e fundada pelo Sr. Darlan Almeida, hoje ainda Presidente atuante na empresa.

O início das atividades se deu na cidade de Santarém no estado do Para´, com um quadro de 03 funcionários, tendo a frente seu fundador.

Com ideias visionarias e pensamento empreendedor, a rede Casa do Celular conseguiu enxergar além de seu tempo, apostando em um futuro promissor no meio de telecomunicações, mais especificamente em aparelhos de telefonia celular.

Após se aprofundar no conhecimento de aparelhos e suas tecnologias, a rede Casa do Celular investiu tempo e dedicação na busca de conhecimento não apenas de tecnologia, como também de mercado.

 

Comunicado Importante ABF

Todos os conteúdos e dados aqui informados foram fornecidos exclusivamente pelo Associado. A ABF informa que o conteúdo e a veracidade dos dados publicados nesta página são de única e exclusiva responsabilidade civil e penal do Associado, que, ao se associar, recebe uma senha pessoal e intransferível para fazer a atualização dos dados, não sofrendo nenhuma interferência da ABF.

Dados atualizados pela franquia em 16/03/2022",In loco
CLUBE TURISMO,Franquias Home Based,https://static.portaldofranchising.com.br/central/material-de-clientes/clube-turismo/mini-site/franquia-clube-turismo-logomarca.jpg,https://franquias.portaldofranchising.com.br/franquia-clube-turismo-hotelaria-e-turismo/,"Invista em uma Franquia CLUBE TURISMO, um setor em constante crescimento. Acesse já o Portal do Franchising e conheça os benefícios de ser um franqueado.",31.000 , 56.000,de 6 a 24 meses,R$200.000,540,(83) 3022-4301,"Hotelaria e Turismo
FRANQUIA CLUBE TURISMO

Invista em uma Franquia CLUBE TURISMO, um setor em constante crescimento. Acesse já o Portal do Franchising e conheça os benefícios de ser um franqueado.

INVESTIMENTO MÍNIMO

a partir de R$6.900

RETORNO

de 6 a 24 meses

FATURAMENTO MÉDIO/

R$200.000

TOTAL DE UNIDADES

540

CONTATO

(83) 3022-4301
Acesse o site

SELO DE EXCELÊNCIA EM FRANCHISING

Empresa chancelada nos seguintes anos:

2012 - 2013 - 2014 - 2015 - 2016
Play
Play
Play
Play
Sobre a franquia CLUBE TURISMO

Início:

Fundada em 2003, conta com mais de 550 franqueados das modalidades Loja, Home Office Prime e Home Office, espalhados por todas as regiões do país, reconhecida pela ABF no ranking das 50 Maiores Redes de Franquia do Brasil em 2020 e 2021.

A Franquia Clube Turismo possui vasto conhecimento no agenciamento de viagens, que reflete na capacitação oferecida aos consultores e franqueados.

Estas qualidades construíram uma marca campeã, eleita em 2021 entre as Melhores Franquias do Brasil pela Pequenas Empresas & Grandes Negócios, sendo a mais premiada rede de franquias de agências de viagem do Brasil.
 

Uma Franquia Campeã

Eleita Melhor Franquia do Brasil em 2019, 2017 e 2014 na categoria Cultura e Lazer, pela Revista Pequenas Empresas e Grandes Negócios, também foi premiada por nove anos consecutivos (2013, 2014, 2015, 2016, 2017, 2018, 2019, 2020 e 2021) entre as Melhores Franquias do Brasil escolhidas anualmente pela Revista PEGN e o Serasa Experiean.

A Rede também detém o Selo de Excelência em Franchising (SEF) da ABF – Associação Brasileira de Franchising, recebido por cinco anos.
 

Suporte eficiente

A empresa oferece suporte em atendimento, inclusive aos domingos e feriados, através da CAF – Central de Atendimento ao Franqueado – composta por uma equipe experiente de consultores de viagem com pleno domínio dos procedimentos de venda e sistemas utilizados para emissão, aptos para auxiliar no esclarecimento de dúvidas operacionais e na execução de ações de venda.
 

Coaching & Marketing

A capacitação contínua de franqueados e equipe são realizadas através da Uniclube, setor responsável pelos treinamentos operacionais.

A empresa também possui em sua estrutura a Central de Comunicação e Marketing – CECOM – que oferece ferramentas de gestão opcionais ao franqueado para que ele possa ter sua comunicação personalizada e padronizada, além de consultorias periódicas via videoconferência sobre o uso das mídias sociais e a indicação de ferramentas gratuitas para melhor performance da unidade, como e-mail marketing, entre outras.
 

Competitividade & Lucratividade

A Clube Turismo destaca-se no mercado por ser uma empresa multimarca e multisserviços, trabalhando em parceria com os principais fornecedores que oferecem oportunidades exclusivas de negociação, o que garante competitividade e lucratividade para cada franquia.

A empresa atribui o seu crescimento e o reconhecimento recebido do mercado aos valores fundamentados em seu permanente compromisso com:

Bem estar e a satisfação dos clientes e franqueados/as;
Valorização e respeito aos seus colaboradores;
Excelência no atendimento;
Qualidade dos serviços oferecidos;
Inserção de novos/as profissionais no mercado (planos de carreira);
Relação sólida com fornecedores e parceiros;
Comportamento ético em ações e decisões;
Busca contínua pela inovação e melhoria dos nossos processos e serviços.
Acreditar que o sucesso depende daqueles que a fazem funcionar é a característica mais marcante da Clube Turismo, uma marca que avança cada vez mais, garantindo seu lugar no topo do pódio das Franquias de Turismo mais premiadas do Brasil.
Perfil do franqueado CLUBE TURISMO

Conheça abaixo o perfil que a franquia Clube Turismo procura para seus franqueados:

- Idade mínima: 22 anos;

- Escolaridade: Preferencialmente curso superior completo;

- Experiência profissional: Não é obrigatório, porém é indicado que o franqueado tenha experiência em atividades comerciais. É importante ter vivenciado experiências em viagens nacionais e internacionais.

- Habilidades desejadas: Boa capacidade de comunicação verbal e escrita, domínio em navegação web e uso de recursos básicos (Windows, Word, Skype, E-mail), boa capacidade de argumentação e persuasão, pró-atividade, espírito empreendedor, capacidade de gestão comercial, financeira, capacidade de trabalho em equipe, bom relacionamento interpessoal, dinamismo, autocontrole.

- Disponibilidade: O franqueado da modalidade Office possui a liberdade de definição do tempo de dedicação ao negócio, podendo ser parcial ou integral.

- Público alvo do franqueado: Pessoas do networking do franqueado, além do público em geral, sejam eles pessoas físicas ou jurídicas.

Processo de seleção da Franquia CLUBE TURISMO

Conheça abaixo quais são as etapas do processo de seleção da franquia Clube Turismo:

1) Candidatar-se à franquia preenchendo o formulário disponível no site franquiaclubeturismo.com.br;
2) Preencher o formulário complementar enviado para o e-mail do candidato;
3) Ser pré-aprovado na análise de documentação;
4) Ser aprovado na entrevista realizada pelo setor de Expansão da Franqueadora  Clube Turismo;
5) Apresentar a documentação necessária requerida pela franqueadora para a abertura do cadastro do franqueado na modalidade de negócio escolhida;
6) Formalizar o contrato e efetuar o pagamento da taxa de adesão;
7) Seguir as instruções de implementação da modalidade de escolha, realizar os treinamentos iniciais e contínuos;

Agora que você conhece tudo sobre a franquia CLUBE TURISMO, assista este depoimento
Play
História do Franchising

Home Office Clube Turismo: oportunidade de integrar a vida de mãe e ser empreendedora

Conciliar o trabalho com a vida pessoal é um desafio que todos aprendem a administrar com o tempo. No entanto, quando se trata das mães, a situação é um pouco mais complicada. Afinal, diante da correria do dia a dia e de tantos afazeres, surge um problema aparentemente dificílimo de solucionar: como arranjar um tempinho […]

Comunicado Importante ABF

Todos os conteúdos e dados aqui informados foram fornecidos exclusivamente pelo Associado. A ABF informa que o conteúdo e a veracidade dos dados publicados nesta página são de única e exclusiva responsabilidade civil e penal do Associado, que, ao se associar, recebe uma senha pessoal e intransferível para fazer a atualização dos dados, não sofrendo nenhuma interferência da ABF.

Dados atualizados pela franquia em 31/01/2022",Home
ARAMIS MENSAWEAR,Franquias de Moda,https://static.portaldofranchising.com.br/central/material-de-clientes/aramis-mensawear/mini-site/franquia-aramis-marca.jpg,https://franquias.portaldofranchising.com.br/franquia-aramis-mensawear/,ARAMIS MENSAWEAR,660.000 , 1.160.000,de 18 a 48 meses,,86,(11) 4380-1600,"Moda
FRANQUIA ARAMIS MENSAWEAR

ARAMIS MENSAWEAR

INVESTIMENTO MÍNIMO

a partir de R$660.000

RETORNO

de 18 a 48 meses

TOTAL DE UNIDADES

86

CONTATO

(11) 4380-1600
Acesse o site
Play
Play
Play
Play
Sobre a franquia ARAMIS MENSAWEAR

A Aramis atua no mercado de moda masculina há mais de 25 anos, com excelência em qualidade, alinhada ao que há de novo em menswear pelo mundo. Inovamos constantemente, e nos mantemos conectados às tendências e demandas da moda masculina contemporânea. A Aramis foi criada em 1995 por Henri Stad, empresário francês com 45 anos de experiência no setor têxtil. A proposta da grife sempre se baseou em uma moda masculina moderna e sofisticada, com poder de inovação e tino comercial. Foi a primeira a trazer para o mercado brasileiro a camisaria de fio egípcio.

Inspirado nas aventuras de “Os Três Mosqueteiros"", Henri batizou a marca em homenagem ao seu personagem preferido do romance histórico de Alexandre Dumas. A primeira loja foi inaugurada no Shopping Iguatemi, em São Paulo, em um dos mais concorridos espaços de moda do país. Com o tempo, aprimorou o estilo de suas peças, unindo conceito de moda, conforto, qualidade e evoluiu dividindo-se em quatro linhas: Menswear, Jeanswear, Night e Social, que juntas atendem o homem em todas as ocasiões.

Atualmente, conta com uma equipe de estilo que acompanha as tendências mundiais e realiza pesquisas internacionais constantes sobre consumo. Com um mix de produtos de qualidade indiscutível, é referência no lifestyle masculino, com alfaiataria de corte e caimento impecáveis em peças que vão do clássico ao moderno.

Expansão da marca

Em fevereiro de 2014, o filho de Henri Stad, Richard Stad, assume a presidência, se tornando CEO, aos 29 anos de idade, após dez anos trabalhando na marca. Depois de um crescimento focado entre 2015 e 2016, a Aramis partiu para seu projeto de expansão, liderado por Richard, abrindo mais de 40 lojas, entre próprias e franquias, por todo o território nacional. “Com a abertura de novas lojas, o objetivo é oferecer ao cliente uma experiência de compra única. Para isso, implementamos um novo projeto de lojas - que segmenta a coleção em linhas para cada ocasião e valoriza ainda mais o produto. Além do investimento no ponto de venda, também iniciamos um plano de marketing agressivo que atua com diferentes pontos de contato com o nosso consumidor. 

Perfil do franqueado ARAMIS MENSAWEAR

Buscamos parceiros que se enquadrem com o propósito da Aramis de valorizar das pessoas. Empreendedor com o perfil mais voltado para o Comercial/ operacional, que sejam Inspirações focados em mudar historias!

Processo de seleção da Franquia ARAMIS MENSAWEAR

O Processo de Seleção da Franquia Aramis segue a seguinte trajetória:

Alinhamento de expectativas/ analise do perfil do Candidato/ entrevista com a áreas da empresa.
Análise da praça desejada/ estudo de viabilidade/ escolha do ponto comercial.
Analise da documentação/ comprovação do valor do investimento.
emissão da COF, Pré Contrato e Contrato.

Comunicado Importante ABF

Todos os conteúdos e dados aqui informados foram fornecidos exclusivamente pelo Associado. A ABF informa que o conteúdo e a veracidade dos dados publicados nesta página são de única e exclusiva responsabilidade civil e penal do Associado, que, ao se associar, recebe uma senha pessoal e intransferível para fazer a atualização dos dados, não sofrendo nenhuma interferência da ABF.

Dados atualizados pela franquia em 11/05/2020",In loco
ACIUM,Franquias em Quiosque,https://static.portaldofranchising.com.br/central/material-de-clientes/emporio-do-aco/mini-site/franquia-acium-logo.jpg,https://franquias.portaldofranchising.com.br/franquia-acium/,Oportunidade! Conheça a Franquia ACIUM no Portal do Franchising. Invista em um segmento em ampla expansão de mercado.,90.000 , 145.000,de 12 a 24 meses,R$50.000,310,(11) 2391-8991,"Moda
FRANQUIA ACIUM

Oportunidade! Conheça a Franquia ACIUM no Portal do Franchising. Invista em um segmento em ampla expansão de mercado.

INVESTIMENTO MÍNIMO

a partir de R$90.000

RETORNO

de 12 a 24 meses

FATURAMENTO MÉDIO/

R$50.000

TOTAL DE UNIDADES

310

CONTATO

(11) 2391-8991
Acesse o site
Play
Play
Play
Sobre a franquia ACIUM

A ACIUM, marca Global de joias em aço presente em mais de 18 países e com mais de 500 pdvs no mundo, está em constante crescimento e expansão.

No Brasil, nossos pontos de venda estão nos melhores shoppings, aeroportos e hipermercados.

Nosso mix de joias é composto por mais de 1.000 modelos masculinos e femininos, desse os itens mais básicos até os que representam as ultimas tendências de moda internacional, passeando pelos mais variados estilos.
Realizamos um  exclusivo serviço de personalização de textos e imagens em nossas joias, que dá vida ao nosso slogan “more than a jewel”, criando um grande impacto emocional em nossos clientes que passam a considerar sua joia como algo único e de incalculável valor sentimental, eternizando momento e conectando pessoas.

O DNA da ACIUM é autêntico e arrojado, irradia vibração, personalidade e estilo.

@aciumbrazil
 

DEPOIMENTOS

Lucio Manhães – Franqueado Shopping Rio Sul e Shopping Méier, Rio de Janeiro.

Estudei o mercado de franquias, e embasado em alguns conceitos desenvolvi uma metodologia para traçar nichos de mercado e entender as vantagens e desvantagens de cada ramo.

Conheci o modelo de franquias da Acium na ABF 2017 e fechamos negócio.

Descobrimos na Aium uma parceria que não tínhamos encontrado em outra marca.

Estevão Fragoso – Franqueado Praiamar Shopping, Cidade São Paulo e Litoral Plaza Shopping, São Paulo.

Eu trabalhei durante anos como comissário de bordo, com o tempo construí uma família linda, o que, na minha opinião, impossibilitava continuar exercendo essa função, foi aí que surgiu a possibilidade de ter meu próprio negócio, com um rendimento superior ao do antigo emprego e com mais tempo para a família.

Só consegui graças ao suporte que a Acium forneceu, ensinando como administrar e principalmente como manter o negócio por um longo período, conheci outras franquias, mas a segurança foi o ponto principal que me fez continuar somente com a Acium.

 

Perfil do franqueado ACIUM

O perfil ideal são pessoas dinâmicas que gostem de vendas e que estejam dispostas a acompanhar o dia a dia de sua operação. 

 

Processo de seleção da Franquia ACIUM

A ACIUM não exige que o candidato tenha experiência prévia no segmento de varejo, pois a Franqueadora transfere todo o seu Know-How para o novo franqueado. 

Comunicado Importante ABF

Todos os conteúdos e dados aqui informados foram fornecidos exclusivamente pelo Associado. A ABF informa que o conteúdo e a veracidade dos dados publicados nesta página são de única e exclusiva responsabilidade civil e penal do Associado, que, ao se associar, recebe uma senha pessoal e intransferível para fazer a atualização dos dados, não sofrendo nenhuma interferência da ABF.

Dados atualizados pela franquia em 07/04/2022",In loco
BIBI,Franquias com Selo de Excelência,https://static.portaldofranchising.com.br/central/material-de-clientes/bibi/mini-site/bibigde2016.jpg,https://franquias.portaldofranchising.com.br/franquia-bibi-calcado-infantil/,"Acesse o Portal do Franchising e conheça a Franquia BIBI. Invista em um modelo de negócio divertido, inovador e cheio de oportunidades. Saiba mais!",430.000 , 520.000,de 18 a 36 meses,R$80.000,147,(51) 3512-3344,"Moda
FRANQUIA BIBI

Acesse o Portal do Franchising e conheça a Franquia BIBI. Invista em um modelo de negócio divertido, inovador e cheio de oportunidades. Saiba mais!

INVESTIMENTO MÍNIMO

a partir de R$430.000

RETORNO

de 18 a 36 meses

FATURAMENTO MÉDIO/

R$80.000

TOTAL DE UNIDADES

147

CONTATO

(51) 3512-3344
Acesse o site

SELO DE EXCELÊNCIA EM FRANCHISING

Empresa chancelada nos seguintes anos:

2013 - 2014 - 2015 - 2016 - 2017 - 2018 - 2019 - 2020 - 2022
Play
Play
Play
Play
Play
Play
Sobre a franquia BIBI



Pioneira na fabricação de calçados infantis no Brasil, desde 1949 e exportando seus produtos e design para mais de 60 países. A Franquia Bibi em 2007 realizou um estudo para novamente trazer a primeira franquia de loja exclusiva de calçado infantil para o Brasil. Hoje são mais de 25 estados que possuem lojas exclusivas Bibi.

 

 

Ambientada no universo infantil, cada loja harmoniza espaços e produtos com luzes, aromas e sons, transformando o momento da compra em uma experiência sensorial. A loja Bibi possui um mix de calçados e acessórios que atende crianças de 0 a 9 anos com produtos exclusivos, coleções inovadoras e um calendário de vitrines e ações, criando a sensação de uma nova loja a cada visita.



Perfil do franqueado BIBI

Conheça abaixo o perfil que a franquia Bibi procura para seus franqueados:

- Dinamismo, liderança e empreendedorismo;

- Comprometimento administrativo;

- Aptidão e desejo de participar de uma estrutura plenamente formatada;

- Sociabilidade e habilidade em se relacionar com pessoas;

- Conhecimento do mercado local e características regionais;

- Domínio Conceitual e prático de princípios empresariais;

- Administração de Recursos Humanos, financeiros e materiais;

- Familiaridade com vendas;

- Pró- atividade, reunindo capacidade analítica e poder de discernimento;

- Disponibilidade financeira para investir e reinvestir no negócio Bibi;

- Comprometimento total na gestão da franquia

Processo de seleção da Franquia BIBI

Conheça abaixo quais são as etapas do processo de seleção da franquia Bibi:

Havendo potencial e oportunidade de uma loja Bibi para a região pretendida, os passos são:

01) Avaliação cadastral e comprovação financeira do candidato;

02) Visita ao candidato e apresentação da franquia Bibi;

03) Visita do candidato a sede da franqueadora;

04) Assinatura da COF (circular de oferta de franquia);

05) Assinatura do contrato de franquia e entrega manual de implantação Bibi;

06) Prospecção do ponto de venda;

07) Negociação e avaliação do ponto;

08) Planejamento e acompanhamento para inauguração;

09) Capacitação “Cultura Bibi” na sede da franqueadora;

10) Capacitação da equipe inicial in loco na semana de inauguração;

11) Inauguração da Loja;

12) Serviços continuados e periódicos de consultoria e apoio na gestão e operação.

Agora que você conhece tudo sobre a franquia BIBI, assista este depoimento
Play
História do Franchising

Bibi: conheça a história de sucesso da pioneira dos calçados infantis

Criada há 70 anos em Parobé, no Rio Grande do Sul, a marca leva o nome da atriz Bibi Ferreira, graças à admiração que o fundador da empresa, Albino Eloy Schweitzer, falecido em 2014, que também é sogro de Marlin Kohlrausch tinha. A companhia não só sobreviveu a crise como hoje já exporta 26% de […]

Comunicado Importante ABF

Todos os conteúdos e dados aqui informados foram fornecidos exclusivamente pelo Associado. A ABF informa que o conteúdo e a veracidade dos dados publicados nesta página são de única e exclusiva responsabilidade civil e penal do Associado, que, ao se associar, recebe uma senha pessoal e intransferível para fazer a atualização dos dados, não sofrendo nenhuma interferência da ABF.

Dados atualizados pela franquia em 25/03/2022",In loco
BLUEFIT,"Franquias de Saúde, Beleza e Bem Estar",https://static.portaldofranchising.com.br/central/material-de-clientes/bluefit/mini-site/franquia-bluefit-logo.jpg,https://franquias.portaldofranchising.com.br/franquia-bluefit/,Acesse já o Portal do Franchising e conheça a Franquia BlueFit. Uma rede de academias de ginástica. Aproveite essa excelente oportunidade de negócio!,1.280.000 , 4.430.000,de 24 a 48 meses,,81,(11) 2391-9938,"Saúde, Beleza e Bem Estar
FRANQUIA BLUEFIT

Acesse já o Portal do Franchising e conheça a Franquia BlueFit. Uma rede de academias de ginástica. Aproveite essa excelente oportunidade de negócio!

INVESTIMENTO MÍNIMO

a partir de R$1.280.000

RETORNO

de 24 a 48 meses

TOTAL DE UNIDADES

81

CONTATO

(11) 2391-9938
Acesse o site
Sobre a franquia BLUEFIT

2015

Maio: Inauguração da primeira Academia Health Place (Santo André).

Novembro: Inauguração da segunda  Academia Health Place Tancredo Neves  (São Paulo).

Novembro: Inauguração da Academia Joinville.

Assinatura de contrato com fundo de  investimento


2017

Total de 28 Academias Bluefit, incluindo as unidades Vila Olímpia (São Paulo), Palladium (Curitiba),  Frei Caneca (São Paulo), Santos (litoral paulista) e Ponta Grossa (Paraná).

Em julho houve a criação do setor de franquias Bluefit.

Entrada de mais 2 investidores.


2018

Total de 52  Academias Bluefit espalhadas em todo o território nacional.


2019

Mais de 74 unidades espalhadas pelo Brasil.

2020

Mais de 90 unidades operando.

 

Perfil do franqueado BLUEFIT

Perfil ideal de um  franqueado Bluefit Você não precisa ter conhecimento no universo  fitness, mas deve ter perfil empreendedor:

• Liderança e gestão depessoas;

• Habilidades para gestão  administrativa e financeira;

• Disponibilidade para gerir o negócio;

• Capacidade financeira comprovada;

• Capacidade para adaptação ao  conceito Bluefit;

• Aceitar críticas e sugestões para  manutenção dos padrões Bluefit.

Processo de seleção da Franquia BLUEFIT

Conheça abaixo quais são as etapas do processo de seleção da franquia Bluefit:

Contato inicial;
Recebimento da apresentação da franquia;
Envio da ficha de pré-qualificação e documentos  solicitados pela franqueadora;
Reunião presencial;
Estudo prévio da localização de intenção;
Recebimento e análise da COF – Circular de Oferta de Franquia;
Assinatura do pré-contrato de franquia;
Implantação da Academia;
Inauguração da sua Bluefit!

Comunicado Importante ABF

Todos os conteúdos e dados aqui informados foram fornecidos exclusivamente pelo Associado. A ABF informa que o conteúdo e a veracidade dos dados publicados nesta página são de única e exclusiva responsabilidade civil e penal do Associado, que, ao se associar, recebe uma senha pessoal e intransferível para fazer a atualização dos dados, não sofrendo nenhuma interferência da ABF.

Dados atualizados pela franquia em 06/12/2021",In loco
BIOFLORA,Franquias Home Based,https://static.portaldofranchising.com.br/central/material-de-clientes/bioflora/mini-site/franquia-bioflora-logo.jpg,https://franquias.portaldofranchising.com.br/franquia-bioflora/,"Acesse já o Portal do Franchising e conheça a Franquia Bioflora, rede de produtos naturais. Aproveite essa excelente oportunidade de negócio!",23.500 , 71.000,de 5 a 7 meses,R$12.000,83,(17) 3305-7518,"Saúde, Beleza e Bem Estar
FRANQUIA BIOFLORA

Acesse já o Portal do Franchising e conheça a Franquia Bioflora, rede de produtos naturais. Aproveite essa excelente oportunidade de negócio!

INVESTIMENTO MÍNIMO

a partir de R$12.490

RETORNO

de 5 a 7 meses

FATURAMENTO MÉDIO/

R$12.000

TOTAL DE UNIDADES

83

CONTATO

(17) 3305-7518
Acesse o site
Play
Sobre a franquia BIOFLORA

A rede Bioflora foi fundada no ano 2013, a partir da experiência de mais de 20 anos de indústria farmacêutica e de suplementos alimentares.

Ainda agregou mais o valor ao negocio com a expertise em administração, estratégia e contabilidade dos sócios!

A marca possui conceito de cuidar de saúde por meio de suplementação balanceada, prezando sempre o bem estar das pessoas.

Diante de um mundo hiper conectado e a necessidade de utilizar as mídias sociais para fortalecer os relacionamentos com os clientes, surgiu também um novo modelo de negócios para FRANQUIA DIGITAL, com investimento baixo e total aparato para o FRANQUEADO.

 

Perfil do franqueado BIOFLORA

Conheça abaixo o perfil que a franquia Bioflora procura para seus franqueados:
 

REQUISITOS GERAIS: 

1 – Sexo: Ambos.
2 – Idade Mínima: 18 anos.
3 – Escolaridade: Ensino Fundamental Completo.
4- Experiencia: Não é necessário experiencia no ramo.

REQUISITOS ESPECÍFICOS:

1 – Identificação com o mercado de produtos naturais; 
2 – Identificação com o sistema de vendas diretas;  
3 – Capacidade de receber e aplicar as orientações da Franqueadora; 
4- Persistência para atingir objetivos; 
5 – Habilidade em lidar com o público;
6 – Ética e espirito de parceria;
7 – Dedicação e comprometimento;
8 - Dinamismo, liderança e empreendedorismo; 
9 – Conhecimentos de administração. 

Processo de seleção da Franquia BIOFLORA

Conheça abaixo quais são as etapas do processo de seleção da franquia Bioflora:

1 – O Candidato deve se cadastrar enviando seus dados para a Franqueadora para receber o primeiro contato.
2 – Analise de Ficha cadastral do candidato 
3 - Reunião online/vídeo com departamento de expansão 
4 - Envio da C.O.F  
5 – Assinatura do contrato e pagamento da taxa da Franquia 
6 – Treinamento online 
7 – Inicio das operações 

Agora que você conhece tudo sobre a franquia BIOFLORA, assista este depoimento
Play

Comunicado Importante ABF

Todos os conteúdos e dados aqui informados foram fornecidos exclusivamente pelo Associado. A ABF informa que o conteúdo e a veracidade dos dados publicados nesta página são de única e exclusiva responsabilidade civil e penal do Associado, que, ao se associar, recebe uma senha pessoal e intransferível para fazer a atualização dos dados, não sofrendo nenhuma interferência da ABF.

Dados atualizados pela franquia em 18/04/2022",Home
ÁGUA DE CHEIRO,Franquias em Quiosque,https://static.portaldofranchising.com.br/central/material-de-clientes/agua-de-cheiro/mini-site/franquia-agua-de-cheiro-logo.jpg,https://franquias.portaldofranchising.com.br/franquia-agua-de-cheiro-cosmeticos-e-perfumaria/,Invista em uma Franquia Água de Cheiro. Acesse já o Portal do Franchising e conheça a rede que conta com 195 unidades espalhadas por todo o Brasil.,70.000 , 175.000,de 24 a 36 meses,R$40.000 a R$60.000,135,(11) 97897-7009,"Saúde, Beleza e Bem Estar
FRANQUIA ÁGUA DE CHEIRO

Invista em uma Franquia Água de Cheiro. Acesse já o Portal do Franchising e conheça a rede que conta com 195 unidades espalhadas por todo o Brasil.

INVESTIMENTO MÍNIMO

a partir de R$70.000

RETORNO

de 24 a 36 meses

FATURAMENTO MÉDIO/

R$40.000 a R$60.000

TOTAL DE UNIDADES

135

CONTATO

(11) 97897-7009
Acesse o site
Sobre a franquia ÁGUA DE CHEIRO

A marca ÁGUA DE CHEIRO surgiu em 1976, com uma pequena loja de perfumaria na cidade de Belo Horizonte.  O sucesso foi imediato e, em 1980, a empresa já contava uma rede de 45 lojas.

Pioneira no mercado de franquias de beleza e perfumaria, iniciou o processo de franchising na década de 80, e já na década de 90, era líder de mercado no segmento de beleza.

Hoje com mais de 40 anos no mercado, a ÁGUA DE CHEIRO é reconhecida pela qualidade de seus cosméticos e fragrâncias.

Em 2013, a rede contava com 900 lojas, mas com uma direção que enfrentava problemas de gestão. Até o início de 2014 contava também com um fabricante de perfumes e algumas lojas próprias. Diante de acentuada dificuldade financeira, em agosto de 2014 a antiga direção protocolou na Justiça pedido de Recuperação Judicial.

Em 2016, a Marca ÁGUA DE CHEIRO foi adquirida pela BEAUTY FRANCHISING, empresa que integra o grupo de empresas da HOLDING NARSANA. Em 2017, a empresa retomou o processo de expansão pelo sistema de franchising, hoje conta com cerca de 200 lojas em todo o Brasil.

EXPERIÊNCIA E SOLIDEZ

Atualmente a BEAUTY FRANCHISING é responsável pela gestão do negócio de Franquias da marca ÁGUA DE CHEIRO. A HOLDING NARSANA é um grupo sólido, composto por 17 empresas com de mais de 27 anos de experiência de varejo de produto, gestão, logística, desenvolvimento de produto e marketing no mercado de beleza nos segmentos de Luxo, Seletivo, Semi Prestigio, Massivo e Profissional. As atividades do grupo abrangem mais de 50 marcas nacionais e internacionais de perfumes, cosméticos, produtos de toucador em um portfólio de mais de 1.000 diferentes produtos, entre marcas próprias, licenciadas e representadas com exclusividade para todo o Brasil. No segmento de Franquias, o grupo é também o Master Franqueador da marca Argentina HAVANNA no Brasil desde 2005 e hoje conta com mais de 65 lojas em todo o país, sendo reconhecida pelos seus alfajores, doce de leite e seus exclusivos cafés.

NOSSA MISSÃO

VANTAGEM COMPETITIVA DA MARCA ÁGUA DE CHEIRO

FORMAS DE ATUAÇÃO

O Franqueado pode atuar no formato Loja Física, seja de rua ou shopping, ou ainda no formato quiosque com metragens que vão de 8 a 16 metros.

	
LOJA CONCEITO
Shopping Metro Itaquera, SP
Investimento a partir de R$ 180 mil 	QUIOSQUE
Em 4 formatos de 8 a 16 m2
 Investimento a partir de R$ 80 mil

A partir de R$ 80 mil reais, você já pode investir em uma unidade quiosque da ÁGUA DE CHEIRO.

Ficou interessado? Entre em contato!

Shirleine Diniz
Executiva de Expansão
franquia@aguadecheiro.com.br

SAC ÁGUA DE CHEIRO: 0800-2001202
facebook.com/aguadecheiro

Perfil do franqueado ÁGUA DE CHEIRO

Ser franqueado ÁGUA DE CHEIRO é fazer parte da história de uma das três maiores perfumarias do Brasil, em um mercado que não para de crescer  Oferecemos suporte, apoio e modelos de negócio de acordo com o seu perfil e área de atuação.

 Este é o seu perfil?

Tenho identificação com a marca e com o setor de Perfumaria e Cosméticos;
Quero ter meu negócio próprio;
Querer ter mais de 1 operação
Tenho facilidade de relacionamento e desenvoltura para gestão do negócio;
Conheço muito bem a região que pretendo atuar;
Tenho disposição para trabalhar, aprender, respeitar as normas da franqueadora;
Tenho disponibilidade para se dedicar pessoalmente ao negócio e fazer ele prosperar;
Tenho recursos próprios necessários para o investimento;

Se este é o seu perfil e caso você tenha também experiência em operações de varejo, entre em contato conosco e seja um franqueado ÁGUA DE CHEIRO!

Processo de seleção da Franquia ÁGUA DE CHEIRO

Passo a Passo do processo de expansão da franquia ÁGUA DE CHEIRO

Preenchimento da Ficha no site
Análise e aprovação do Perfil do Candidato
Analise do material DRE e COF( Circular de Oferta de Franquia) - ÁGUA DE CHEIRO;
Bate papo com franqueados
Assinatura do Pré-Contrato de Franquia pessoa física e Pagamento da taxa de franquia;
Procura do ponto e definição de território;
Assinatura do Contrato de Franquia
Treinamento franqueado e equipe de profissionais;
Inauguração da loja franqueada.

Comunicado Importante ABF

Todos os conteúdos e dados aqui informados foram fornecidos exclusivamente pelo Associado. A ABF informa que o conteúdo e a veracidade dos dados publicados nesta página são de única e exclusiva responsabilidade civil e penal do Associado, que, ao se associar, recebe uma senha pessoal e intransferível para fazer a atualização dos dados, não sofrendo nenhuma interferência da ABF.

Dados atualizados pela franquia em 03/08/2021",In loco
CEOPAG,Franquias Home Based,https://static.portaldofranchising.com.br/central/material-de-clientes/ceopag/mini-site/franquia-ceopag-logo.jpg,https://franquias.portaldofranchising.com.br/franquia-ceopag/,"CEOPAG, é uma fintech de alta tecnologia criada para revolucionar o mercado de meios de pagamento. Franquia de meios eletrônicos de pagamento inteligente!",11.500 , 13.000,de 6 a 12 meses,,360,(17) 3235-4515,"Serviços e Outros Negócios
FRANQUIA CEOPAG

CEOPAG, é uma fintech de alta tecnologia criada para revolucionar o mercado de meios de pagamento. Franquia de meios eletrônicos de pagamento inteligente!

INVESTIMENTO MÍNIMO

a partir de R$11.500

RETORNO

de 6 a 12 meses

TOTAL DE UNIDADES

360

CONTATO

(17) 3235-4515
Acesse o site
Play
Play
Play
Play
Sobre a franquia CEOPAG

A CEOPAG, é uma fintech de alta tecnologia criada para revolucionar o mercado de meios de pagamento. Franquia de meios eletrônicos de pagamento inteligente!

Com foco no PMEs e MEIs, CEOPAG, é uma Rede que une os dois segmentos que mais crescem no Brasil: delivery e meios de pagamentos.

A CEOPAG - Presente em 21 estados, 210 cidades e mais de 350 franquias; oferece um atendimento humanizado e presencial através de sua Rede de Franquias, com produtos de alta tecnologia digital.

Franquia com baixo investimento e alta lucratividade, sem a necessidade de ponto fixo e funcionários.

No modelo de negócios da CEOPAG, o franqueado é responsável pela prospecção, cadastramento, delivery e o atendimento às empresas que utilizarão os meios de pagamentos.

Nossa ideia é democratizar totalmente o modelo do pagamento por meios eletrônicos, e com isso gerar mais oportunidades de negócios no país.

A Ceofood dispõe de equipe altamente preparada, amplo know-how com mais de 20 anos de experiência.

O franqueado além de entrar para um time de sucesso com baixo investimento inicial, receberá treinamento, suporte e consultoria totalmente humanizada de segunda à sexta-feira das 08h às 18h.

A Ceopag tem 3 modalidades de Franquia, de acordo com seu perfil:

Franquia Home Nacional: Investimento de 10k. Atua na prospecção de clientes podendo ter somente o titular de contrato como operador da Franquia. Estimativa de Lucro Líquido de 2k à 3k mensal à partir do 6º mês, com crescimento recorrente de acordo com trabalho e dedicação do Franqueado. Retorno do Investimento de 6 à 12 meses.
 
Franquia FDA Nacional: Investimento à partir de 100k. Atua como Máster Franqueado Nacional, vendendo Franquias e gerando receita sobre as vendas e produtividade de todos os franqueados vinculados à sua Máster, além de ganhar uma Franquia Full para operar também. Estimativa de Lucro Líquido de 20k à 22k mensal à partir do 6º mês, com crescimento recorrente de acordo com trabalho e dedicação do FDA Máster. Retorno do Investimento de 6 à 12 meses.

 

Monte uma carteira de clientes com alta lucratividade através de ganhos recorrentes, disponibilizando maquininhas de cartões e aplicativo de delivery de alta tecnologia com planos de baixo investimento para os lojistas.

Faça parte dessa Franquia de sucesso!

Preencha o formulário e saiba mais sobre este modelo de negócio.

Perfil do franqueado CEOPAG

Conheça abaixo o perfil que a franquia Ceopag procura para seus franqueados:

1° Empreendedor;

2° Perfil Comercial;

3° Gestão de relacionamentos;

4° Habilidade básica com tecnologia;

5° Disponibilidade de tempo para gerir o negócio.

Processo de seleção da Franquia CEOPAG

Conheça abaixo quais são as etapas do processo de seleção da franquia Ceopag:

1° O candidato faz um cadastro pelo site;

2° A área de expansão entra em contato com o candidato para apresentar o negócio;

3° A expansão envia a COF (Circular de Oferta de Franquia) para o candidato e tira suas dúvidas;

4° Caso o candidato seja aprovado, segue o processo para aquisição contratual.

Agora que você conhece tudo sobre a franquia CEOPAG, assista este depoimento
Play

Comunicado Importante ABF

Todos os conteúdos e dados aqui informados foram fornecidos exclusivamente pelo Associado. A ABF informa que o conteúdo e a veracidade dos dados publicados nesta página são de única e exclusiva responsabilidade civil e penal do Associado, que, ao se associar, recebe uma senha pessoal e intransferível para fazer a atualização dos dados, não sofrendo nenhuma interferência da ABF.

Dados atualizados pela franquia em 06/01/2022",Home
BRAZIL HEALTH,Franquias Home Based,https://static.portaldofranchising.com.br/central/material-de-clientes/brazil-health/mini-site/franquia-brazil-health-logo-new.jpg,https://franquias.portaldofranchising.com.br/franquia-brazil-health/,"A Brazil Health é uma Franquia de corretora especializada em benefícios: Planos de Saúde,Odonto e Seguros de Vida, com grande reconhecimento no setor.",44.000 , 49.900,de 6 a 12 meses,R$25.000,47,(11) 99170-7984,"Serviços e Outros Negócios
FRANQUIA BRAZIL HEALTH

A Brazil Health é uma Franquia de corretora especializada em benefícios: Planos de Saúde,Odonto e Seguros de Vida, com grande reconhecimento no setor.

INVESTIMENTO MÍNIMO

a partir de R$10.000

RETORNO

de 6 a 12 meses

FATURAMENTO MÉDIO/

R$25.000

TOTAL DE UNIDADES

47

CONTATO

(11) 99170-7984
Acesse o site
Play
Sobre a franquia BRAZIL HEALTH

“A Brazil Health nasceu da visão e empreendedorismo dos seus sócios, executivos com vasta experiência em grandes operadoras e corretoras do mercado, para ampliar as oportunidades de melhoria oferecendo uma consultoria diferenciada e especializada no setor de benefícios – planos de saúde odontológicos e seguros de vida, tornando-se uma das maiores corretoras do mercado e conquistando diversos prêmios de reconhecimento e de qualidade de atuação”.

Perfil do franqueado BRAZIL HEALTH
Identificação com o modelo de negócio de Vendas Consultivas;
Habilidade  de atuação comercial e facilidade de Relacionamento com Clientes;
Habilidade administrativo-financeira-organização;
Aceitação de regras e padrões em Franquias;
Disponibilidade e de Dedicação ao Negócio;
Processo de seleção da Franquia BRAZIL HEALTH

Passo 1 – Reunião/apresentação do modelo de negócio
Passo 2 – Preenchimento de Perfil e Cadastro
Passo 3 – Análise de COF – circular de oferta de franquia
Passo 4 – Validação de perfil do candidato
Passo 5 – Assinatura Pré-contrato e Taxa de Franquia
Passo 6 – Participação Treinamento de Franqueados
Passo 7 – Constituição da empresa e Contrato de Franquia
Passo 8 – Início da Unidade Franqueada

Histórias do Franchising

Casal de franqueados satisfeitos com o modelo de negócio Brazil Health

“Olá, tudo bem? Sou o Michel Vanderlei, Franqueado Brazil Health há mais de 1 ano.  Eu e minha sócia e esposa Evelyn temos muita satisfação em fazer parte da Rede de Franquias e de nossa parceria com a Brazil Health e listamos aqui alguns dos muitos pontos fortes nesta parceria: Nós, como Franqueados temos todo treinamento inicial […]

Crescimento em vendas dos franqueados, proporcionou a migração do modelo home office para o modelo de sala comercial

Inauguração de nova Unidade Franqueada Brazil Health: Crescimento em vendas dos Franqueados Leandro Alves e Kaique Albertin, proporcionou a migração do modelo de negócio em home office para o modelo de sala comercial no ramo de consultoria de benefícios em menos de 01 ano de operação. Os jovens empreendedores Leandro Alves e Kaique Albertin, desde […]

Conheça o sucesso da Franqueada Andrea Terzi no ramo de corretora da Franquia Brazil Health

Andrea Terzi atuou na área de Recursos Humanos em grandes multinacionais e deixou de lado uma trajetória corporativa para “empreender” no ramo se benefícios – Planos de Saúde, Odontológico e Seguros de Vida, com a Franquia Brazil Health, em formato home office recebendo todo expertise e suporte necessário, o que a engajou a mudar para […]

Comunicado Importante ABF

Todos os conteúdos e dados aqui informados foram fornecidos exclusivamente pelo Associado. A ABF informa que o conteúdo e a veracidade dos dados publicados nesta página são de única e exclusiva responsabilidade civil e penal do Associado, que, ao se associar, recebe uma senha pessoal e intransferível para fazer a atualização dos dados, não sofrendo nenhuma interferência da ABF.

Dados atualizados pela franquia em 04/04/2022",Home
CONTA4U,Franquias Home Based,https://static.portaldofranchising.com.br/central/material-de-clientes/conta4u/mini-site/franquia-conta4u-new.jpg,https://franquias.portaldofranchising.com.br/franquia-conta4u/,"A praticidade em forma de contabilidade, invista em uma franquia de contabilidade digital. Conheça a franquia Conta4U, um negócio inovador.",28.000 , 133.000,de 11 meses,R$43.000,14,(27) 3022-4150,"Serviços e Outros Negócios
FRANQUIA CONTA4U

A praticidade em forma de contabilidade, invista em uma franquia de contabilidade digital. Conheça a franquia Conta4U, um negócio inovador.

INVESTIMENTO MÍNIMO

a partir de R$18.700

RETORNO

de 11 meses

FATURAMENTO MÉDIO/

R$43.000

TOTAL DE UNIDADES

14

CONTATO

(27) 3022-4150
Acesse o site
Play
Play
Sobre a franquia CONTA4U

A Conta 4U é a solução para quem busca praticidade, agilidade e simplificação para a gestão e contabilidade do negócio.

O cliente tem à sua disposição o que há de melhor para a empresa, escritório, clínica, comércio e os microempreendedores. Diretamente do celular, tablete ou computador, ele fará, através de um painel simples e fácil de usar, todas as atividades que precisa nestes processos.

É MUITO SIMPLES, FÁCIL E RESOLVE!

Perfil do franqueado CONTA4U

Conheça abaixo o perfil que a franquia Conta4U procura para seus franqueados:

Qualquer pessoa acima dos 18 anos tem perfil para o nosso modelo de negócios.

Processo de seleção da Franquia CONTA4U

Conheça abaixo quais são as etapas do processo de seleção da franquia Conta4U:

Ao fazer o cadastro e nosso portal, https://conta4u.com.br/franquias.php , entraremos em contato com o candidato que receberá toda apresentação , DRE e COF. Conversaremos via whatsapp para agendarmos uma conversa. 

História do Franchising

Em busca de ‘novos horizontes’ advogado investe em franquia de contabilidade digital

Em modelo de microfranquia, Conta 4U oferece plataforma de inteligência artificial que realiza serviços contábeis e possibilita que o franqueado foque apenas na prospecção de novos clientes O advogado Pérecles Ribeiro sempre foi movido a desafios e em um certo momento da sua carreira, a rotina do escritório parecia não ser suficiente. Não que não […]

Comunicado Importante ABF

Todos os conteúdos e dados aqui informados foram fornecidos exclusivamente pelo Associado. A ABF informa que o conteúdo e a veracidade dos dados publicados nesta página são de única e exclusiva responsabilidade civil e penal do Associado, que, ao se associar, recebe uma senha pessoal e intransferível para fazer a atualização dos dados, não sofrendo nenhuma interferência da ABF.

Dados atualizados pela franquia em 08/11/2021",Home
"BEETOOLS, THE LANGUAGE SCHOOL",microfranquias,https://static.portaldofranchising.com.br/central/material-de-clientes/beetools-the-language-school/mini-site/franquia-beetools-marca.jpg,https://franquias.portaldofranchising.com.br/franquia-beetools-the-language-school/,Invista em uma Franquia Beetools The Language School uma rede de escolas de idiomas. Acesse o Portal do Franchising e saiba mais.,4.500 , 40.000,de 15 a 30 meses,,25,(41) 99124-7575,"Serviços Educacionais
FRANQUIA BEETOOLS, THE LANGUAGE SCHOOL

Invista em uma Franquia Beetools The Language School uma rede de escolas de idiomas. Acesse o Portal do Franchising e saiba mais.

INVESTIMENTO MÍNIMO

a partir de R$16.000

RETORNO

de 15 a 30 meses

TOTAL DE UNIDADES

25

CONTATO

(41) 99124-7575
Acesse o site
Play
Play
Play
Play
Sobre a franquia BEETOOLS, THE LANGUAGE SCHOOL

Somos uma Edtech que está revolucionando o ensino de idiomas no Brasil e no mundo.

Utilizamos as melhores tecnologias de educomunicação como gamificação, inteligência artificial e realidade virtual para ensinar inglês de verdade, do jeito e no tempo dos nossos alunos. Sem renunciar à relação entre professor e aluno em aulas presenciais ou digitais.

Tratamos cada aluna ou aluno individualmente. Por isso, optamos por personalizar o curso e respeitar como cada pessoa aprende e a disponibilidade de cada um, afinal, se cada aluno é diferente, faz sentido todos terem a mesma aula?

Na Beetools as aulas são instigadoras e divertidas, planejadas de acordo com as necessidades de cada aluno, respeitando o tempo de cada pessoa e com conteúdos digitais que podemos sempre atualizar. 

Acreditamos que podemos transformar o aprendizado de inglês para todas as pessoas com as tecnologias mais inovadoras do mundo.


Estamos em todo lugar

Em 2020, a Beetools, que já possuía uma plataforma de educação 100% digital no modelo Blended Learning operando nas 27 escolas físicas da rede em 7 estados brasileiros, decidiu acelerar sua transformação digital e desenvolveu a plataforma Beetools Everywhere.

A partir desse movimento, passamos a atender alunos de todo o Brasil, colocando em prática nosso plano de expansão em busca de disputar a liderança do mercado brasileiro.

Em 2021, criamos um novo modelo de negócios ainda mais inteligente e com menor risco para os empreendedores. A Franquia Figital Progressiva que traz uma oportunidade única para quem deseja abrir seu negócio anywhere com o suporte de uma empresa líder em tecnologia educacional. 
 

Patamares de investimento:

Dentro da modalidade da Franquia Figital Progressiva, a Beetools  estruturou uma forma inteligente de atender cada perfil de franqueado, levando em consideração mercado de atuação e experiência profissional.

Para professores de inglês de pequenas cidades, que sabem o crescimento do mercado de idiomas e buscam uma forma de aumentar sua capacidade de atendimento e seus lucros:

Franquia Beetools Smart Teacher. Um plano exclusivo para você professor de inglês.

Para cidades até 25 mil habitantes | Investimento Inicial de R$ 16.000,00.

Para empreendedores com foco em cidades de 25 à 75 mil habitantes, temos dois modelos de franquia que visam otimizar o investimento na sua região de influência.

Franquia Beetools Smart 50 - Para cidades entre 25 e 50 mil habitantes com investimento inicial de R$ 48.000,00.

Franquia Beetools Smart 75 - Para cidades entre 50 e 75 mil habitantes com investimento inicial de R$ 83.000,00.
 
Para empreendedores com foco em cidades maiores do que 75 mil habitantes. A franquia Figital é perfeita para ganhar tração na captação de alunos nos dois primeiros anos, com o objetivo de abrir uma unidade física, após esse período, já com sua base de captação estabelecida.

Franquia Smart 250 - Para cidades entre 75 e 250 mil habitantes com investimento inicial de R$ 129.000,00 + a abertura da Escola Física após 24 meses.

Franquia Smart 250+ - Para cidades acima de 250 mil habitantes com investimento inicial de R$ 190.000,00 + a Abertura da Escola Física após 24 meses.


Certificações, Parcerias e Reconhecimentos

 

Perfil do franqueado BEETOOLS, THE LANGUAGE SCHOOL

Conheça abaixo o perfil que a franquia Beetools procura para seus franqueados:

Procuramos franqueados que estejam procurando empreender com segurança na franquia mais inteligente e inovadora do mercado de idiomas.

Pessoas que gostem de atender ao público, falar com pessoas, mas que que tem gostem de tecnologia. A Beetools está revolucionando o ensino de inglês e para isso acredita que pessoas + tecnologia, é que fazem a diferença.

Ter perfil empreendedor, bem como interesse em desenvolver-se profissionalmente em nível gerencial e empresarial.

Ter disponibilidade financeira para investir no projeto, inclusive durante o período de maturação do negócio, sem comprometer o patrimônio familiar e o sustento da família.


Disponibilidades:

Residir na região ou cidade da Unidade;
Não possuir restrições para constituir/participar de nova empresa;
Poder e ter disposição para envolver-se integralmente, diariamente, na administração da Unidade Franqueada.
Processo de seleção da Franquia BEETOOLS, THE LANGUAGE SCHOOL

Conheça abaixo quais são as etapas do processo de seleção da franquia Beetools:

1. Reunião com a Direção Comercial e Marketing, para apresentação da Modelo de Negócios.
2. Preenchimento de Ficha Cadastral.
3. Entrega da Circular de Oferta de Franquia.
4. Entrega de formulário para busca e pré-avaliação de áreas adequadas para montagem de uma unidade da rede (pré-contrato opcional)
5. Assinatura do Contrato.
6. Treinamento inicial e início da exploração de seu negócio.

 

Agora que você conhece tudo sobre a franquia BEETOOLS, THE LANGUAGE SCHOOL, assista este depoimento
Play

Comunicado Importante ABF

Todos os conteúdos e dados aqui informados foram fornecidos exclusivamente pelo Associado. A ABF informa que o conteúdo e a veracidade dos dados publicados nesta página são de única e exclusiva responsabilidade civil e penal do Associado, que, ao se associar, recebe uma senha pessoal e intransferível para fazer a atualização dos dados, não sofrendo nenhuma interferência da ABF.

Dados atualizados pela franquia em 17/01/2022",In loco
BR MANIA,Franquias de Alimentação,,https://franquias.portaldofranchising.com.br/franquia-br-mania-conveniencia/,LOJAS DE CONVENIÊNCIA,200.000 ,,,,1184,(21) 4090-1337,,
CAMPINAS CELULARES,"Comunicação, Informática e Eletrônicos",,https://franquias.portaldofranchising.com.br/franquia-campinas-celulares/,,120.000,,,,15,(19) 99129-2524,"A CAMPINAS CELULARES é uma assistência técnica multimarcas especializada na manutenção de celulares, smartphones e tablets nacionais e importados. A loja oferece ainda uma gama completa de acessórios para celulares e tablets. Atuando o segmento de tecnologia desde 2009, conta atualmente com sua matriz na cidade de Campinas, SP.

Segundo a Revista Metrópole, consolidou-se como a melhor e mais rápida assistência técnica da RMC – Região Metropolitana de Campinas devido ao atendimento rápido, acolhedor e por oferecer reparos imediatos. O resultado desta experiência de 10 anos de mercado, milhares de atendimentos realizados e produtos comercializados da RMC e para várias cidades brasileiras foram decisivos para que em novembro de 2014 a empresa desse início a sua expansão através de sua rede de franquias.",
CARICANECAS,Serviços e Outros Negócios,,https://franquias.portaldofranchising.com.br/franquia-caricanecas/,,7.500,,,,55,(11) 98369-4040,,
CHEF DA EMPADA,Alimentação,,https://franquias.portaldofranchising.com.br/franquia-chef-da-empada/,,120.000,,,,48,(11) 2229-6511,,
CHEFLERA,"Saúde, Beleza e Bem Estar",,https://franquias.portaldofranchising.com.br/franquia-cheflera-saude-beleza-e-bem-estar/,,35.000,,,,99,(44) 3046-2500,,
CHIQUINHO SORVETES,Alimentação,,https://franquias.portaldofranchising.com.br/franquia-chiquinho-sorvetes/,,320.000,,,,668,(17) 3211-8200,"A Chiquinho Sorvetes, hoje a maior rede de sorveterias soft do Brasil, nasceu em 1980, quando Francisco Olímpio de Oliveira, o Chiquinho, e seu filho Isaías Bernardes de Oliveira inauguraram uma pequena sorveteria na cidade de Frutal, Minas Gerais.

Isaías operou o negócio durante cinco anos e em 1986 abriu a segunda unidade na cidade de Guaíra, São Paulo. Anos depois, a rede alcançou 80 unidades e com o crescimento rápido e desenvolvimento promissor, veio a necessidade de inovar e padronizar as lojas. A partir de 2010, a Chiquinho Sorvetes entrou no segmento de franchising.


Atualmente, a marca possui um respeitável número de 400 unidades em operação e mais de 100 lojas em fase de implantação, em todo o Brasil.

O que garante o sabor único e inconfundível dos produtos da marca, é a receita exclusiva da base do sorvete. O cardápio oferece mais de 80 opções entre casquinhas, sundae, cascão, petit gateau, milk shakes, mix de sorvetes com complementos, além do produto mais solicitado pelos clientes: o exclusivo Shake Mix. Tudo isso com o sabor incomparável do Chiquinho Sorvetes.

Os franqueados recebem todo suporte necessário desde a escolha do ponto, até a inauguração da loja. A franqueadora disponibiliza treinamentos teóricos e práticos realizados na Universidade do Sorvete e na própria unidade franqueada.
               
Oferecendo ao mercado um formato diferenciado de sorveterias, a meta da empresa é possuir unidades em todas as grandes cidades do país de forma planejada, mantendo sempre o padrão de excelência e o crescimento sustentável do negócio. O sucesso da rede faz com que a franqueadora receba, em média, mais de 15 solicitações diárias de interessados em adquirir uma franquia.",
CONSTANCE,Moda,,https://franquias.portaldofranchising.com.br/franquia-constance-acessorios-pessoais-e-calcados/,,360.000,,,,192,(31) 3238-4130,"Na década de 80, os irmãos e sócios da Franquia Constance, Cássio e Alessandra, começaram a trilhar sua trajetória no comércio ao lado do pai, administrando uma conceituada indústria de móveis em Minas Gerais. Mais a frente, movidos pelo desejo de revolucionar a experiência de compras, perceberam o mercado da moda como um segmento dinâmico e encantador, se tornando uma excelente oportunidade para oferecer produtos e conceitos diferenciados. Motivados por este desafio, Cássio e sua esposa Carla inauguraram a primeira loja Constance em 2003 com produtos repletos de qualidade, sofisticação e preços atrativos.
 
O espírito empreendedor, marca registrada da família, aliado aos conselhos importantes do pai, construiu uma verdadeira trajetória de sucesso através de um trabalho duro. Assim, o número de unidades foi aumentando e, consequentemente, a responsabilidade também. Com o aumento da demanda, Cássio ganhou o apoio de sua irmã Alessandra que veio assumir, com carinho e dedicação, a área de desenvolvimento de produtos e coleções, aperfeiçoando ainda mais o que já era aprovado pelos clientes.
 
Todo esse sucesso despertou o desejo de parceiros e amigos, iniciando uma forma embrionária do que é hoje a maior franquia de calçados self shoes do país. Este passo importante fez com que a marca aumentasse a participação no mercado e seu número de unidades em pontos estrategicamente selecionados. Estas unidades licenciadas contribuíram para que a empresa e seus parceiros desenvolvessem novos processos de trabalho, trazendo grande experiência para os gestores e toda equipe.
 
O destaque e a força de vendas foram crescendo e atraindo candidatos em todo país. Nascia nesta fase a expansão definitiva da marca, quando, filiando-se à ABF (Associação Brasileira de Franchising), a Constance passou a compartilhar todo seu o seu know-how com a oferta de franquias. Hoje, com mais de sessenta lojas espalhadas em vários estados brasileiros, a Constance se difere das outras marcas por ser uma empresa em contínua evolução e atenta as mudanças e necessidades do mercado. 
 
As transformações no mundo apresentam uma mulher diferenciada e com novas exigências, o que demanda ainda mais autonomia e velocidade. Em todas as nossas lojas, os sapatos são separados por numeração, fazendo com que a cliente sinta-se completamente à vontade, como se estivesse em seu próprio closet, escolhendo e experimentando nosso mix com mais de 400 modelos. Com tamanhos que vão do número 33 ao 42, a cliente conta ainda com o apoio da equipe de vendas, tornando sua experiência de compra mais acolhedora e o atendimento mais eficaz.
 
Tudo isso significa incremento de vendas, pois já são dois milhões de pares de calçados vendidos por ano, justificando todo o crescimento e os excelentes faturamentos, fatores que atraíram uma rede de franqueados dedicados e apaixonados pela marca e pelo negócio. 

A escolha do nome foi inspirada no significado da palavra “constância”.  Sua definição fala de “fidelidade aos princípios, continuidade, retidão, assiduidade e realização de tarefas sem nenhuma alteração, transmitindo segurança, estabilidade funcional e confiança com excelente desempenho”. Estes valores construíram e vem perpetuando grande parte da nossa cultura.",
